id,correct_answer,final_original,final_lexical,final_syntactic,final_contextual,accuracy
267,16,16,10,16,16,75.0
19,100,100,100,100,100,100.0
193,6284,5284,5284,5284,5284,0.0
248,57,57,57,57,57,100.0
134,74,76,76,74,74,50.0
404,300,420,420 5,420 5,300 5,25.0
419,20,0.2,0.2,1200 12,120,0.0
77,38000,38000,38000,38000,38000,100.0
337,3,3,3,5,3,75.0
407,720,720,720,720,1680,75.0
452,420,240,240,210,180  30  420,25.0
341,300,300,300,150 150 300,150 150 3 150 450 500,75.0
12,9,9,9,9,9,100.0
139,1350,1350,1350,1350,1350,100.0
322,1124,1124.40,1124,1124,1124,75.0
169,9,9,9,9,9,100.0
294,79,89,79,79,29.80,50.0
4,245,245,245,755,245,75.0
205,16,16,16,26.67,16,75.0
108,3,3,3,3,3,100.0
91,11,11,11,11,11,100.0
408,1450,1450,1450,1450,1450,100.0
56,322,322,322,322,320,75.0
78,100,100,100,100,100,100.0
84,200,200,200,1000,200,75.0
114,70,70,70,70,70,100.0
43,10,10,10,10,10,100.0
15,25,25 25,23,25 25,23,50.0
39,36,36,36,36,36,100.0
188,2,2,2,2,2,100.0
399,48,48 4,48 4,48 4,84,75.0
17,4,6,8,4,4,50.0
234,12,12,12.00 12.00 5,12,12.00 12.00,100.0
443,65,65,65,65,10,75.0
65,19,19,19,30,19,75.0
138,24,24,24,24,24,100.0
497,6,6,6,2,6,75.0
481,20,20,25,20,20,75.0
18,360,6 2160,360 6,120 6,360 6,50.0
201,350,450,350,400 50 350,350,75.0
318,200,210,210,244,200,25.0
333,72,72,72,72,52,75.0
457,200,200,200,200,200,100.0
191,1316,1312,1354,1351,1354.4,0.0
479,324,135,270,110200,324,25.0
247,16,27.97,16,13,16,50.0
325,19,19,19,19,19,100.0
465,18,18,18,18,18,100.0
13,450,5  90  5 90 450,450,450 90 360  450,450,100.0
41,20,60,60,12 15,60,0.0
208,100,800,800,800,800,0.0
435,48,48,12 4,48,12 20 16 48,75.0
477,840,840,840,840,840,100.0
142,8,8,8,8,8,100.0
31,5950,6450,7335,8650.00,5950,25.0
160,7,3,9,3,3,0.0
349,1008,432,2304,1008,992,25.0
345,300,375,375,375,127,0.0
329,8,8,8,8,8,100.0
413,9,9 6,9 6,9,9,100.0
330,165,165.00,165,165,165,100.0
88,40,40,30,30,40,50.0
28,24,24,24,24,24,100.0
167,6,6,6,6,6,100.0
482,274,155,165 175,165 175,175,0.0
392,179,179,179,102,179,75.0
280,75,75,75,75,75,100.0
496,20,20,18,9 11 18,29,25.0
8,30,30,30 30 30,30,30,100.0
34,3,3,6,3 3,6 3,75.0
155,84,60,108 4,51,56 4,0.0
35,216,126,216,216,222,50.0
3,160,160,160,160,160,100.0
358,4,0.64,4.00,4.00,4.00,75.0
32,9,9,9,9,9,100.0
383,60,60,60,60,60,100.0
491,11,11,11,19,11,75.0
485,44,44,44,44,44,100.0
423,25,30,25,25,30,50.0
148,240,240 2,240 2,240 2,240,100.0
107,270,240,4.5 270,120,540,25.0
23,16,18,18,18,18,0.0
265,88,88,88,14,88,75.0
292,16000,160000,16000,16000,16000,75.0
428,30,30,30,30,30,100.0
158,40,40,40,40,40,100.0
244,9,19 10 9,85,9,45,50.0
175,80,80 80,1080 1080,1080,80 80,50.0
432,1,1,1,1,1,100.0
307,28,28,28,28,28,100.0
243,104,72,104,104,104,75.0
79,25,21,21,25,21,25.0
198,17,  14,9,10,13,0.0
331,600,300,600,600,600,75.0
64,20000,20000,10000,20000,20000,75.0
344,33,23,33,33,33,75.0
366,7,7,7,70,7,75.0
343,10,15,40,20,20,0.0
86,5,5,40,75,75,25.0
393,195,195,180,160,161,25.0
82,1085,885 3 50,1060,885,945,0.0
316,220,220,220,220,220,100.0
97,700,900,1300,700,1300,25.0
272,5,5,5,5,5,100.0
26,700,700,700,700,700,100.0
403,24,24 24,2 12  12 2 24,96,12  24,75.0
421,134,128,522,134,138,25.0
95,16,16,16,26,16,75.0
293,170,190,190,190,170,25.0
467,10,12,10,10,14,50.0
304,3285,3285,3285,3285,3285,100.0
223,2,1.94,20.27,1.94,2,25.0
20,5,5,20,5,5,75.0
99,404,18544,16674,404,804,25.0
153,132,132 3,132.4,132 3,132,75.0
324,95,95,60,39,65,25.0
295,35,35,35,35,35 42,100.0
74,67,67,67,67,67,100.0
397,22,110,10,101,11,0.0
152,14,14,14,14,14,100.0
122,1685,1685,1685,1269,2114,50.0
254,42000,151200,42000,8688000 8688000,42000,50.0
104,2,10,2,2,2,75.0
493,200,200,200,200,240,75.0
290,100,100 5,62500,100 5,0.05975,50.0
368,10,10,10,240,240,50.0
200,25,25,25,24.50,25 25,75.0
453,40,40,40,0,40,75.0
364,250,270,250,270,100,25.0
412,3,12,5,3 5,1,25.0
490,3,3 4,3,3 4,3 4,100.0
379,580,580,700 200  1100,1400,580,50.0
172,2000,15915,20111,15614,5,0.0
236,8,8,8,8 4000,8,100.0
402,5,15,5 59000,0.5,5 54000,50.0
9,25,25,46,25,25,75.0
273,3,3,2,3.375,4,25.0
185,60,60 3 400,60,60,60,100.0
382,41,41,41,41,41,100.0
70,17,14,17,17,17,75.0
228,112,268 2,28,28 2,98 2,0.0
396,11,11,11,11,11,100.0
195,5,4,5,4,5,50.0
406,202,192,197,190,104 125 229,0.0
217,30,30,30,50,50,50.0
300,36,36,18,36,36,75.0
213,40,1000 5,40,40,40,75.0
136,6,8,8,9,7,0.0
16,260,260,312.00 312,260,260,75.0
268,55,55,20,55,55,75.0
1,12,12,9.5,12,12,75.0
90,5,9 9,4  5,8,9,25.0
276,90,90,90,90,90,100.0
451,768,768,260,778,778,25.0
124,11,11,11,11,11,100.0
10,584,486,486,536,550,0.0
184,240,240,240,240,240 240,100.0
