id,final_original,final_lexical,final_syntactic,final_contextual,correct_answer,accuracy,answer_consistency
1,12,9.5,12,12,12,75.0,0.75
3,160,160,160,160,160,100.0,1.0
4,245,245,755,245,245,75.0,0.75
5,14,19.99,14,14,14,75.0,0.75
6,110,130,140,130,130,50.0,0.5
8,30,30 30 30,30,30,30,100.0,1.0
9,25,46,25,25,25,75.0,0.75
10,486,486,536,550,584,0.0,0.5
11,19.14 30,1.20,0.60,9.00,9,25.0,0.0
12,9,9,9,9,9,100.0,1.0
13,5  90  5 90 450,450,450 90 360  450,450,450,100.0,1.0
14,150,7,7,7,7,75.0,0.75
15,25 25,23,25 25,23,25,50.0,0.5
16,260,312.00 312,260,260,260,75.0,0.75
17,6,8,4,4,4,50.0,0.5
18,6 2160,360 6,120 6,360 6,360,50.0,1.0
19,100,100,100,100,100,100.0,1.0
20,5,20,5,5,5,75.0,0.75
23,18,18,18,18,16,0.0,1.0
25,96,96,96,96,96,100.0,1.0
26,700,700,700,700,700,100.0,1.0
28,24,24,24,24,24,100.0,1.0
29,2,2,2,2,2,100.0,1.0
30,8 2,8 2,8 2,8 2,8,100.0,1.0
31,6450,7335,8650.00,5950,5950,25.0,0.0
32,9,9,9,9,9,100.0,1.0
33,35,35,45,65,65,25.0,0.5
34,3,6,3 3,6 3,3,75.0,0.75
35,126,216,216,222,216,50.0,0.5
38,300.00,300,300,300,300,100.0,1.0
39,36,36,36,36,36,100.0,1.0
41,60,60,12 15,60,20,0.0,0.75
43,10,10,10,10,10,100.0,1.0
45,238 7,329 7,407,329,407,25.0,0.5
46,3.96,24.5,25,3,3,25.0,0.0
48,19,9,0,9,9,50.0,0.5
49,20,75,20,5,20,50.0,0.5
50,0.6 2 0.8 300,1400,2752,1400,1500,0.0,0.5
53,920,588,640,920,920,50.0,0.5
55,6,6,6,6,6,100.0,1.0
56,322,322,322,320,322,75.0,0.75
59,120,1440 2,1440 2,86400,1440,50.0,0.5
60,24 12 36,36,30,36,36,75.0,0.75
61,96,94,108,96,66,0.0,0.5
62,6000,6000,1000,6000,6000,75.0,0.75
64,20000,10000,20000,20000,20000,75.0,0.75
65,19,19,30,19,19,75.0,0.75
67,264,264,264,264,264,100.0,1.0
68,72,72,72,72,72,100.0,1.0
70,14,17,17,17,17,75.0,0.75
72,3400,3400,3400,3400,3400,100.0,1.0
73,15,15,15,19,15,75.0,0.75
74,67,67,67,67,67,100.0,1.0
77,38000,38000,38000,38000,38000,100.0,1.0
78,100,100,100,100,100,100.0,1.0
79,21,21,25,21,25,25.0,0.75
80,30,20,20.56,45,20,25.0,0.0
81,111,147,91,99 36 63,81,0.0,0.0
82,885 3 50,1060,885,945,1085,0.0,0.5
83,5,4,5,5,5,75.0,0.75
84,200,200,1000,200,200,75.0,0.75
86,5,40,75,75,5,25.0,0.5
87,12,12,12,12,12,100.0,1.0
88,40,30,30,40,40,50.0,0.5
89,120,600,600,600,600,75.0,0.75
90,9 9,4  5,8,9,5,25.0,0.5
91,11,11,11,11,11,100.0,1.0
94,45.00,180,720,180,180,50.0,0.5
95,16,16,26,16,16,75.0,0.75
96,22,22,22,22,22,100.0,1.0
97,900,1300,700,1300,700,25.0,0.5
98,6240,6240 1,31200,6240,6240,75.0,0.75
99,18544,16674,404,804,404,25.0,0.0
101,2,2,2.8,2,2,75.0,0.75
102,3,2.125,1 4,2,2,25.0,0.0
103,360,184,184,184,184,75.0,0.75
104,10,2,2,2,2,75.0,0.75
106,146,8,2,8,8,50.0,0.5
107,240,4.5 270,120,540,270,25.0,0.0
108,3,3,3,3,3,100.0,1.0
110,5,1  3,7,5,4,0.0,0.5
113,2 2 23,21,25,9,21,25.0,0.0
114,70,70,70,70,70,100.0,1.0
118,2,2,2,2,2,100.0,1.0
119,95,95,0,760,50,0.0,0.5
122,1685,1685,1269,2114,1685,50.0,0.5
124,11,11,11,11,11,100.0,1.0
126,60,60,60,60,60,100.0,1.0
127,69000,189600,201000,1200,69000,25.0,0.0
129,19,19,19,19,19,100.0,1.0
132,2196,1812,2312,1512,2412,0.0,0.0
134,76,76,74,74,74,50.0,0.5
136,8,8,9,7,6,0.0,0.5
137,32.71,10,4.668,4.67,8,0.0,0.0
138,24,24,24,24,24,100.0,1.0
139,1350,1350,1350,1350,1350,100.0,1.0
141,15,15,15,12,15,75.0,0.75
142,8,8,8,8,8,100.0,1.0
148,240 2,240 2,240 2,240,240,100.0,1.0
151,20 9,18 9,13.5,20,20,50.0,0.5
152,14,14,14,14,14,100.0,1.0
153,132 3,132.4,132 3,132,132,75.0,0.75
154,505,605,531,355,355,25.0,0.0
155,60,108 4,51,56 4,84,0.0,0.5
156,32,40,14,50.4,12,0.0,0.0
157,2160 2160,770,770,770,770,75.0,0.75
158,40,40,40,40,40,100.0,1.0
160,3,9,3,3,7,0.0,0.75
163,600,600,900,900,900,50.0,0.5
165,40000,40000,40000,40000 40000,40000,100.0,1.0
167,6,6,6,6,6,100.0,1.0
168,31 3.6 27.4,68.2,35.2 7.2 28,49.6,35,0.0,0.0
169,9,9,9,9,9,100.0,1.0
171,6,16,1,21,6,25.0,0.0
172,15915,20111,15614,5,2000,0.0,0.0
173,48,135,78 3,60 3,60,25.0,0.5
174,936,936,936,0,936,75.0,0.75
175,80 80,1080 1080,1080,80 80,80,50.0,0.5
179,25,16.67,16.67,15,15,25.0,0.5
182,6,45,6,7,6,50.0,0.5
184,240,240,240,240 240,240,100.0,1.0
185,60 3 400,60,60,60,60,100.0,1.0
187,39,29,20  39,38,39,50.0,0.5
188,2,2,2,2,2,100.0,1.0
189,106,104,104,110,94,0.0,0.5
191,1312,1354,1351,1354.4,1316,0.0,0.0
192,6,6,12,12,6,50.0,0.5
193,5284,5284,5284,5284,6284,0.0,1.0
194,200,120,80,560,200,25.0,0.0
195,4,5,4,5,5,50.0,0.5
198,  14,9,10,13,17,0.0,0.0
199,600,600,600,600,600,100.0,1.0
200,25,25,24.50,25 25,25,75.0,0.75
201,450,350,400 50 350,350,350,75.0,0.75
202,185180,400,410.44,400,400,50.0,0.5
203,120,270,270,390,270,50.0,0.5
205,16,16,26.67,16,16,75.0,0.75
206,12,12,12,12,12,100.0,1.0
208,800,800,800,800,100,0.0,1.0
210,115,105,130,70,130,25.0,0.0
213,1000 5,40,40,40,40,75.0,0.75
216,11,58,58,54,58,50.0,0.5
217,30,30,50,50,30,50.0,0.5
218,320,320,640,320,320,75.0,0.75
222,12.50,5,5,5,5,75.0,0.75
223,1.94,20.27,1.94,2,2,25.0,0.5
226,136,136,136,136,136,100.0,1.0
228,268 2,28,28 2,98 2,112,0.0,0.75
231,10,10,10,10,10,100.0,1.0
233,4 175,170,157.81,170,180,0.0,0.5
234,12,12.00 12.00 5,12,12.00 12.00,12,100.0,1.0
235,10,10,8,9.50 10.50,10,50.0,0.5
236,8,8,8 4000,8,8,100.0,1.0
240,4500,4500,4500,900 5 4500,4500,100.0,1.0
241,10,10,5,10,10,75.0,0.75
243,72,104,104,104,104,75.0,0.75
244,19 10 9,85,9,45,9,50.0,0.5
245,160,1280,1280,1280,1280,75.0,0.75
246,12,22,5,3 2,5,25.0,0.0
247,27.97,16,13,16,16,50.0,0.5
248,57,57,57,57,57,100.0,1.0
251,50  60  55  70,295,211,295,295,50.0,0.5
252,405.05,21.00,111.50,1.10,21,25.0,0.0
253,32,32,16,2,32,50.0,0.5
254,151200,42000,8688000 8688000,42000,42000,50.0,0.5
256,4 60 50,4 60 50,4,4,4,100.0,1.0
259,30,11,358,15,11,25.0,0.0
260,53,53,40,83,53,50.0,0.5
262,8538 2,8981.76,8481.23,8547.56,8900,0.0,0.0
264,83,83,83,83,83,100.0,1.0
265,88,88,14,88,88,75.0,0.75
266,800,800,800,1000,800,75.0,0.75
267,16,10,16,16,16,75.0,0.75
268,55,20,55,55,55,75.0,0.75
269,240 80 160,240,240,240,240,100.0,1.0
270,4,4.25,4 5,4,5,25.0,0.75
272,5,5,5,5,5,100.0,1.0
273,3,2,3.375,4,3,25.0,0.0
275,72000,24000,72000,24,72000,50.0,0.5
276,90,90,90,90,90,100.0,1.0
278,234,190,234,234,234,75.0,0.75
280,75,75,75,75,75,100.0,1.0
288,85 17 26 42,42,42 ,42,42,100.0,1.0
290,100 5,62500,100 5,0.05975,100,50.0,0.5
291,8 25,2.73,6912,4.25,1,0.0,0.0
292,160000,16000,16000,16000,16000,75.0,0.75
293,190,190,190,170,170,25.0,0.75
294,89,79,79,29.80,79,50.0,0.5
295,35,35,35,35 42,35,100.0,1.0
296,11 3 33,33,55,33,33,75.0,0.75
297,200,200,200,192,100,0.0,0.75
299,12.00,12.00,12.00,11.50,12,75.0,0.75
300,36,18,36,36,36,75.0,0.75
301,115,140,5 3 8,230,250,0.0,0.0
302,57,29,24,29,28,0.0,0.5
304,3285,3285,3285,3285,3285,100.0,1.0
305,6400,3600,3600,3600,3600,75.0,0.75
307,28,28,28,28,28,100.0,1.0
308,50,50,16.67,25,25,25.0,0.5
313,7070,33.20,20 70 90,4.26,200,0.0,0.0
316,220,220,220,220,220,100.0,1.0
318,210,210,244,200,200,25.0,0.5
320,6,20 5 4,39,3,4,25.0,0.0
322,1124.40,1124,1124,1124,1124,75.0,0.75
324,95,60,39,65,95,25.0,0.0
325,19,19,19,19,19,100.0,1.0
327,13,13,13,14,13,75.0,0.75
328,4,2 2 4 1,6,6,4,50.0,0.5
329,8,8,8,8,8,100.0,1.0
330,165.00,165,165,165,165,100.0,1.0
331,300,600,600,600,600,75.0,0.75
333,72,72,72,52,72,75.0,0.75
335,15 6,15,15 6,15 6,15,100.0,1.0
337,3,3,5,3,3,75.0,0.75
341,300,300,150 150 300,150 150 3 150 450 500,300,75.0,0.75
343,15,40,20,20,10,0.0,0.5
344,23,33,33,33,33,75.0,0.75
345,375,375,375,127,300,0.0,0.75
346,1000,1000,1000,1000,1000,100.0,1.0
349,432,2304,1008,992,1008,25.0,0.0
356,15,2,15,25,15,50.0,0.5
358,0.64,4.00,4.00,4.00,4,75.0,0.75
359,496,720,720,720,720,75.0,0.75
360,125,5,5,65,5,50.0,0.5
363,1,4,4.5,4,4,50.0,0.5
364,270,250,270,100,250,25.0,0.5
366,7,7,70,7,7,75.0,0.75
368,10,10,240,240,10,50.0,0.5
373,50.00,2,50,50,50,75.0,0.75
375,55,22 9 24 55,43,55,43,25.0,0.75
378,14,64 ,4 64,23 48 64,13,0.0,0.75
379,580,700 200  1100,1400,580,580,50.0,0.5
382,41,41,41,41,41,100.0,1.0
383,60,60,60,60,60,100.0,1.0
388,11,15,15,40,15,50.0,0.5
389,1345,192,591,1 785 2 67.21 4 269.04   270  270,288,0.0,0.0
390,21,15,5,15,5,25.0,0.5
392,179,179,102,179,179,75.0,0.75
393,195,180,160,161,195,25.0,0.0
394,9,9,9,9,9,100.0,1.0
395,8,11,5,5,5,50.0,0.5
396,11,11,11,11,11,100.0,1.0
397,110,10,101,11,22,0.0,0.0
399,48 4,48 4,48 4,84,48,75.0,0.75
400,3,32,2,75,9,0.0,0.0
401,504,484.00,504,481.012,504,50.0,0.5
402,15,5 59000,0.5,5 54000,5,50.0,0.5
403,24 24,2 12  12 2 24,96,12  24,24,75.0,0.75
404,420,420 5,420 5,300 5,300,25.0,0.75
405,5145,5250,5450,2630,5500,0.0,0.0
406,192,197,190,104 125 229,202,0.0,0.0
407,720,720,720,1680,720,75.0,0.75
408,1450,1450,1450,1450,1450,100.0,1.0
411,75,75,60 15 75,60 30 90,75,75.0,0.75
412,12,5,3 5,1,3,25.0,0.5
413,9 6,9 6,9,9,9,100.0,1.0
417,5255,4825,5750,4625,4625,25.0,0.0
418,2930,6030,2930,2900,2900,25.0,0.5
419,0.2,0.2,1200 12,120,20,0.0,0.5
421,128,522,134,138,134,25.0,0.0
423,30,25,25,30,25,50.0,0.5
426,5166,5164,5166,5550,5122,0.0,0.5
427,91,91,91,91,91,100.0,1.0
428,30,30,30,30,30,100.0,1.0
430,370,240,350,130,370,25.0,0.0
432,1,1,1,1,1,100.0,1.0
433,96,60,1,60,60,50.0,0.5
435,48,12 4,48,12 20 16 48,48,75.0,0.75
436,38 50,76 50,75 50,76,75,25.0,0.75
437,8.95 8.95  ,7.95 7.95,30.84,7.55,8,0.0,0.0
438,50,100,50,50 100,50,75.0,0.75
440,30,30,30 4,30,30,100.0,1.0
441,19520,25120,19520,19520,15600,0.0,0.75
443,65,65,65,10,65,75.0,0.75
444,1600,1600,1600,1600,1600,100.0,1.0
446,42,50,20000 50,100,50,50.0,0.5
447,16,16,16,20,16,75.0,0.75
449,210,210,210,210,210,100.0,1.0
450,28,36,27,27,30,0.0,0.5
451,768,260,778,778,768,25.0,0.5
452,240,240,210,180  30  420,420,25.0,0.5
453,40,40,0,40,40,75.0,0.75
456,19,18.44,19,17.85,18,0.0,0.5
457,200,200,200,200,200,100.0,1.0
458,12480000,16800000,12000000,16800000,1680000,0.0,0.5
463,6,6,6 84,6 84,6,100.0,1.0
464,16,22,30,20,20,25.0,0.0
465,18,18,18,18,18,100.0,1.0
466,105,74,85,77,81,0.0,0.0
467,12,10,10,14,10,50.0,0.5
470,42.86,42.86  64.29  0,42.86,42.86,50,0.0,1.0
473,  26,26,32,22,32,25.0,0.5
474,101.00,100,100,16.67,100,50.0,0.5
475,2250,2250,1500 750 2250,3500,2250,75.0,0.75
476,450,225,450,225,225,50.0,0.5
477,840,840,840,840,840,100.0,1.0
478,47,770,110,110 10,110,50.0,0.5
479,135,270,110200,324,324,25.0,0.0
480,113,113,113,113,113,100.0,1.0
481,20,25,20,20,20,75.0,0.75
482,155,165 175,165 175,175,274,0.0,0.75
483,154,120,20,24,24,25.0,0.0
484,40,43,38,39,39,25.0,0.0
485,44,44,44,44,44,100.0,1.0
486,120,120,120,120,120,100.0,1.0
490,3 4,3,3 4,3 4,3,100.0,1.0
491,11,11,19,11,11,75.0,0.75
493,200,200,200,240,200,75.0,0.75
494,7,7,7,6.5,7,75.0,0.75
495,7,2,2,12,9,0.0,0.5
496,20,18,9 11 18,29,20,25.0,0.5
497,6,6,2,6,6,75.0,0.75
498,1,1,4,1,1,75.0,0.75
500,17.68,9.0,9,9.0,9,75.0,0.75
